Unicode	Version	Description	Category	Group
1F600	6.1	grinning face	Smileys & People	face-positive
1F601	6.0	grinning face with smiling eyes	Smileys & People	face-positive
1F602	6.0	face with tears of joy	Smileys & People	face-positive
1F923	9.0	rolling on the floor laughing	Smileys & People	face-positive
1F603	6.0	smiling face with open mouth	Smileys & People	face-positive
1F604	6.0	smiling face with open mouth & smiling eyes	Smileys & People	face-positive
1F605	6.0	smiling face with open mouth & cold sweat	Smileys & People	face-positive
1F606	6.0	smiling face with open mouth & closed eyes	Smileys & People	face-positive
1F609	6.0	winking face	Smileys & People	face-positive
1F60A	6.0	smiling face with smiling eyes	Smileys & People	face-positive
1F60B	6.0	face savouring delicious food	Smileys & People	face-positive
1F60E	6.0	smiling face with sunglasses	Smileys & People	face-positive
1F60D	6.0	smiling face with heart-eyes	Smileys & People	face-positive
1F618	6.0	face blowing a kiss	Smileys & People	face-positive
1F617	6.1	kissing face	Smileys & People	face-positive
1F619	6.1	kissing face with smiling eyes	Smileys & People	face-positive
1F61A	6.0	kissing face with closed eyes	Smileys & People	face-positive
263A	1.1	smiling face	Smileys & People	face-positive
1F642	7.0	slightly smiling face	Smileys & People	face-positive
1F917	8.0	hugging face	Smileys & People	face-positive
1F929	10.0	star-struck	Smileys & People	face-positive
1F914	8.0	thinking face	Smileys & People	face-neutral
1F928	10.0	face with raised eyebrow	Smileys & People	face-neutral
1F610	6.0	neutral face	Smileys & People	face-neutral
1F611	6.1	expressionless face	Smileys & People	face-neutral
1F636	6.0	face without mouth	Smileys & People	face-neutral
1F644	8.0	face with rolling eyes	Smileys & People	face-neutral
1F60F	6.0	smirking face	Smileys & People	face-neutral
1F623	6.0	persevering face	Smileys & People	face-neutral
1F625	6.0	disappointed but relieved face	Smileys & People	face-neutral
1F62E	6.1	face with open mouth	Smileys & People	face-neutral
1F910	8.0	zipper-mouth face	Smileys & People	face-neutral
1F62F	6.1	hushed face	Smileys & People	face-neutral
1F62A	6.0	sleepy face	Smileys & People	face-neutral
1F62B	6.0	tired face	Smileys & People	face-neutral
1F634	6.1	sleeping face	Smileys & People	face-neutral
1F60C	6.0	relieved face	Smileys & People	face-neutral
1F61B	6.1	face with stuck-out tongue	Smileys & People	face-neutral
1F61C	6.0	face with stuck-out tongue & winking eye	Smileys & People	face-neutral
1F61D	6.0	face with stuck-out tongue & closed eyes	Smileys & People	face-neutral
1F924	9.0	drooling face	Smileys & People	face-neutral
1F612	6.0	unamused face	Smileys & People	face-neutral
1F613	6.0	face with cold sweat	Smileys & People	face-neutral
1F614	6.0	pensive face	Smileys & People	face-neutral
1F615	6.1	confused face	Smileys & People	face-neutral
1F643	8.0	upside-down face	Smileys & People	face-neutral
1F911	8.0	money-mouth face	Smileys & People	face-neutral
1F632	6.0	astonished face	Smileys & People	face-neutral
2639	1.1	frowning face	Smileys & People	face-negative
1F641	7.0	slightly frowning face	Smileys & People	face-negative
1F616	6.0	confounded face	Smileys & People	face-negative
1F61E	6.0	disappointed face	Smileys & People	face-negative
1F61F	6.1	worried face	Smileys & People	face-negative
1F624	6.0	face with steam from nose	Smileys & People	face-negative
1F622	6.0	crying face	Smileys & People	face-negative
1F62D	6.0	loudly crying face	Smileys & People	face-negative
1F626	6.1	frowning face with open mouth	Smileys & People	face-negative
1F627	6.1	anguished face	Smileys & People	face-negative
1F628	6.0	fearful face	Smileys & People	face-negative
1F629	6.0	weary face	Smileys & People	face-negative
1F92F	10.0	exploding head	Smileys & People	face-negative
1F62C	6.1	grimacing face	Smileys & People	face-negative
1F630	6.0	face with open mouth & cold sweat	Smileys & People	face-negative
1F631	6.0	face screaming in fear	Smileys & People	face-negative
1F633	6.0	flushed face	Smileys & People	face-negative
1F92A	10.0	crazy face	Smileys & People	face-negative
1F635	6.0	dizzy face	Smileys & People	face-negative
1F621	6.0	pouting face	Smileys & People	face-negative
1F620	6.0	angry face	Smileys & People	face-negative
1F92C	10.0	face with symbols over mouth	Smileys & People	face-negative
1F637	6.0	face with medical mask	Smileys & People	face-sick
1F912	8.0	face with thermometer	Smileys & People	face-sick
1F915	8.0	face with head-bandage	Smileys & People	face-sick
1F922	9.0	nauseated face	Smileys & People	face-sick
1F92E	10.0	face vomiting	Smileys & People	face-sick
1F927	9.0	sneezing face	Smileys & People	face-sick
1F607	6.0	smiling face with halo	Smileys & People	face-role
1F920	9.0	cowboy hat face	Smileys & People	face-role
1F921	9.0	clown face	Smileys & People	face-role
1F925	9.0	lying face	Smileys & People	face-role
1F92B	10.0	shushing face	Smileys & People	face-role
1F92D	10.0	face with hand over mouth	Smileys & People	face-role
1F9D0	10.0	face with monocle	Smileys & People	face-role
1F913	8.0	nerd face	Smileys & People	face-role
1F608	6.0	smiling face with horns	Smileys & People	face-fantasy
1F47F	6.0	angry face with horns	Smileys & People	face-fantasy
1F479	6.0	ogre	Smileys & People	face-fantasy
1F47A	6.0	goblin	Smileys & People	face-fantasy
1F480	6.0	skull	Smileys & People	face-fantasy
2620	1.1	skull and crossbones	Smileys & People	face-fantasy
1F47B	6.0	ghost	Smileys & People	face-fantasy
1F47D	6.0	alien	Smileys & People	face-fantasy
1F47E	6.0	alien monster	Smileys & People	face-fantasy
1F916	8.0	robot face	Smileys & People	face-fantasy
1F4A9	6.0	pile of poo	Smileys & People	face-fantasy
1F63A	6.0	smiling cat face with open mouth	Smileys & People	cat-face
1F638	6.0	grinning cat face with smiling eyes	Smileys & People	cat-face
1F639	6.0	cat face with tears of joy	Smileys & People	cat-face
1F63B	6.0	smiling cat face with heart-eyes	Smileys & People	cat-face
1F63C	6.0	cat face with wry smile	Smileys & People	cat-face
1F63D	6.0	kissing cat face with closed eyes	Smileys & People	cat-face
1F640	6.0	weary cat face	Smileys & People	cat-face
1F63F	6.0	crying cat face	Smileys & People	cat-face
1F63E	6.0	pouting cat face	Smileys & People	cat-face
1F648	6.0	see-no-evil monkey	Smileys & People	monkey-face
1F649	6.0	hear-no-evil monkey	Smileys & People	monkey-face
1F64A	6.0	speak-no-evil monkey	Smileys & People	monkey-face
1F3FB	8.0	light skin tone	Smileys & People	skin-tone
1F3FC	8.0	medium-light skin tone	Smileys & People	skin-tone
1F3FD	8.0	medium skin tone	Smileys & People	skin-tone
1F3FE	8.0	medium-dark skin tone	Smileys & People	skin-tone
1F3FF	8.0	dark skin tone	Smileys & People	skin-tone
1F476	6.0	baby	Smileys & People	person
1F9D2	10.0	child	Smileys & People	person
1F466	6.0	boy	Smileys & People	person
1F467	6.0	girl	Smileys & People	person
1F9D1	10.0	adult	Smileys & People	person
1F468	6.0	man	Smileys & People	person
1F469	6.0	woman	Smileys & People	person
1F9D3	10.0	older adult	Smileys & People	person
1F474	6.0	old man	Smileys & People	person
1F475	6.0	old woman	Smileys & People	person
1F46E	6.0	police officer	Smileys & People	person-role
1F575	7.0	detective	Smileys & People	person-role
1F482	6.0	guard	Smileys & People	person-role
1F477	6.0	construction worker	Smileys & People	person-role
1F934	9.0	prince	Smileys & People	person-role
1F478	6.0	princess	Smileys & People	person-role
1F473	6.0	person wearing turban	Smileys & People	person-role
1F472	6.0	man with Chinese cap	Smileys & People	person-role
1F9D5	10.0	woman with headscarf	Smileys & People	person-role
1F9D4	10.0	bearded person	Smileys & People	person-role
1F471	6.0	blond-haired person	Smileys & People	person-role
1F935	9.0	man in tuxedo	Smileys & People	person-role
1F470	6.0	bride with veil	Smileys & People	person-role
1F930	9.0	pregnant woman	Smileys & People	person-role
1F931	10.0	breast-feeding	Smileys & People	person-role
1F47C	6.0	baby angel	Smileys & People	person-role
1F385	6.0	Santa Claus	Smileys & People	person-role
1F936	9.0	Mrs. Claus	Smileys & People	person-role
1F9D9	10.0	mage	Smileys & People	person-role
1F9DA	10.0	fairy	Smileys & People	person-role
1F9DB	10.0	vampire	Smileys & People	person-role
1F9DC	10.0	merperson	Smileys & People	person-role
1F9DD	10.0	elf	Smileys & People	person-role
1F9DE	10.0	genie	Smileys & People	person-role
1F9DF	10.0	zombie	Smileys & People	person-role
1F64D	6.0	person frowning	Smileys & People	person-gesture
1F64E	6.0	person pouting	Smileys & People	person-gesture
1F645	6.0	person gesturing NO	Smileys & People	person-gesture
1F646	6.0	person gesturing OK	Smileys & People	person-gesture
1F481	6.0	person tipping hand	Smileys & People	person-gesture
1F64B	6.0	person raising hand	Smileys & People	person-gesture
1F647	6.0	person bowing	Smileys & People	person-gesture
1F926	9.0	person facepalming	Smileys & People	person-gesture
1F937	9.0	person shrugging	Smileys & People	person-gesture
1F486	6.0	person getting massage	Smileys & People	person-activity
1F487	6.0	person getting haircut	Smileys & People	person-activity
1F6B6	6.0	person walking	Smileys & People	person-activity
1F3C3	6.0	person running	Smileys & People	person-activity
1F483	6.0	woman dancing	Smileys & People	person-activity
1F57A	9.0	man dancing	Smileys & People	person-activity
1F46F	6.0	people with bunny ears partying	Smileys & People	person-activity
1F9D6	10.0	person in steamy room	Smileys & People	person-activity
1F9D7	10.0	person climbing	Smileys & People	person-activity
1F9D8	10.0	person in lotus position	Smileys & People	person-activity
1F6C0	6.0	person taking bath	Smileys & People	person-activity
1F6CC	7.0	person in bed	Smileys & People	person-activity
1F574	7.0	man in business suit levitating	Smileys & People	person-activity
1F5E3	7.0	speaking head	Smileys & People	person-activity
1F464	6.0	bust in silhouette	Smileys & People	person-activity
1F465	6.0	busts in silhouette	Smileys & People	person-activity
1F93A	9.0	person fencing	Smileys & People	person-sport
1F3C7	6.0	horse racing	Smileys & People	person-sport
26F7	5.2	skier	Smileys & People	person-sport
1F3C2	6.0	snowboarder	Smileys & People	person-sport
1F3CC	7.0	person golfing	Smileys & People	person-sport
1F3C4	6.0	person surfing	Smileys & People	person-sport
1F6A3	6.0	person rowing boat	Smileys & People	person-sport
1F3CA	6.0	person swimming	Smileys & People	person-sport
26F9	5.2	person bouncing ball	Smileys & People	person-sport
1F3CB	7.0	person lifting weights	Smileys & People	person-sport
1F6B4	6.0	person biking	Smileys & People	person-sport
1F6B5	6.0	person mountain biking	Smileys & People	person-sport
1F3CE	7.0	racing car	Smileys & People	person-sport
1F3CD	7.0	motorcycle	Smileys & People	person-sport
1F938	9.0	person cartwheeling	Smileys & People	person-sport
1F93C	9.0	people wrestling	Smileys & People	person-sport
1F93D	9.0	person playing water polo	Smileys & People	person-sport
1F93E	9.0	person playing handball	Smileys & People	person-sport
1F939	9.0	person juggling	Smileys & People	person-sport
1F46B	6.0	man and woman holding hands	Smileys & People	family
1F46C	6.0	two men holding hands	Smileys & People	family
1F46D	6.0	two women holding hands	Smileys & People	family
1F48F	6.0	kiss	Smileys & People	family
1F491	6.0	couple with heart	Smileys & People	family
1F46A	6.0	family	Smileys & People	family
1F933	9.0	selfie	Smileys & People	body
1F4AA	6.0	flexed biceps	Smileys & People	body
1F448	6.0	backhand index pointing left	Smileys & People	body
1F449	6.0	backhand index pointing right	Smileys & People	body
261D	1.1	index pointing up	Smileys & People	body
1F446	6.0	backhand index pointing up	Smileys & People	body
1F595	7.0	middle finger	Smileys & People	body
1F447	6.0	backhand index pointing down	Smileys & People	body
270C	1.1	victory hand	Smileys & People	body
1F91E	9.0	crossed fingers	Smileys & People	body
1F596	7.0	vulcan salute	Smileys & People	body
1F918	8.0	sign of the horns	Smileys & People	body
1F919	9.0	call me hand	Smileys & People	body
1F590	7.0	raised hand with fingers splayed	Smileys & People	body
270B	6.0	raised hand	Smileys & People	body
1F44C	6.0	OK hand	Smileys & People	body
1F44D	6.0	thumbs up	Smileys & People	body
1F44E	6.0	thumbs down	Smileys & People	body
270A	6.0	raised fist	Smileys & People	body
1F44A	6.0	oncoming fist	Smileys & People	body
1F91B	9.0	left-facing fist	Smileys & People	body
1F91C	9.0	right-facing fist	Smileys & People	body
1F91A	9.0	raised back of hand	Smileys & People	body
1F44B	6.0	waving hand	Smileys & People	body
1F91F	10.0	love-you gesture	Smileys & People	body
270D	1.1	writing hand	Smileys & People	body
1F44F	6.0	clapping hands	Smileys & People	body
1F450	6.0	open hands	Smileys & People	body
1F64C	6.0	raising hands	Smileys & People	body
1F932	10.0	palms up together	Smileys & People	body
1F64F	6.0	folded hands	Smileys & People	body
1F91D	9.0	handshake	Smileys & People	body
1F485	6.0	nail polish	Smileys & People	body
1F442	6.0	ear	Smileys & People	body
1F443	6.0	nose	Smileys & People	body
1F463	6.0	footprints	Smileys & People	body
1F440	6.0	eyes	Smileys & People	body
1F441	7.0	eye	Smileys & People	body
1F9E0	10.0	brain	Smileys & People	body
1F445	6.0	tongue	Smileys & People	body
1F444	6.0	mouth	Smileys & People	body
1F48B	6.0	kiss mark	Smileys & People	emotion
1F498	6.0	heart with arrow	Smileys & People	emotion
2764	1.1	red heart	Smileys & People	emotion
1F493	6.0	beating heart	Smileys & People	emotion
1F494	6.0	broken heart	Smileys & People	emotion
1F495	6.0	two hearts	Smileys & People	emotion
1F496	6.0	sparkling heart	Smileys & People	emotion
1F497	6.0	growing heart	Smileys & People	emotion
1F499	6.0	blue heart	Smileys & People	emotion
1F49A	6.0	green heart	Smileys & People	emotion
1F49B	6.0	yellow heart	Smileys & People	emotion
1F9E1	10.0	orange heart	Smileys & People	emotion
1F49C	6.0	purple heart	Smileys & People	emotion
1F5A4	9.0	black heart	Smileys & People	emotion
1F49D	6.0	heart with ribbon	Smileys & People	emotion
1F49E	6.0	revolving hearts	Smileys & People	emotion
1F49F	6.0	heart decoration	Smileys & People	emotion
2763	1.1	heavy heart exclamation	Smileys & People	emotion
1F48C	6.0	love letter	Smileys & People	emotion
1F4A4	6.0	zzz	Smileys & People	emotion
1F4A2	6.0	anger symbol	Smileys & People	emotion
1F4A3	6.0	bomb	Smileys & People	emotion
1F4A5	6.0	collision	Smileys & People	emotion
1F4A6	6.0	sweat droplets	Smileys & People	emotion
1F4A8	6.0	dashing away	Smileys & People	emotion
1F4AB	6.0	dizzy	Smileys & People	emotion
1F4AC	6.0	speech balloon	Smileys & People	emotion
1F5E8	7.0	left speech bubble	Smileys & People	emotion
1F5EF	7.0	right anger bubble	Smileys & People	emotion
1F4AD	6.0	thought balloon	Smileys & People	emotion
1F573	7.0	hole	Smileys & People	emotion
1F453	6.0	glasses	Smileys & People	clothing
1F576	7.0	sunglasses	Smileys & People	clothing
1F454	6.0	necktie	Smileys & People	clothing
1F455	6.0	t-shirt	Smileys & People	clothing
1F456	6.0	jeans	Smileys & People	clothing
1F9E3	10.0	scarf	Smileys & People	clothing
1F9E4	10.0	gloves	Smileys & People	clothing
1F9E5	10.0	coat	Smileys & People	clothing
1F9E6	10.0	socks	Smileys & People	clothing
1F457	6.0	dress	Smileys & People	clothing
1F458	6.0	kimono	Smileys & People	clothing
1F459	6.0	bikini	Smileys & People	clothing
1F45A	6.0	woman’s clothes	Smileys & People	clothing
1F45B	6.0	purse	Smileys & People	clothing
1F45C	6.0	handbag	Smileys & People	clothing
1F45D	6.0	clutch bag	Smileys & People	clothing
1F6CD	7.0	shopping bags	Smileys & People	clothing
1F392	6.0	school backpack	Smileys & People	clothing
1F45E	6.0	man’s shoe	Smileys & People	clothing
1F45F	6.0	running shoe	Smileys & People	clothing
1F460	6.0	high-heeled shoe	Smileys & People	clothing
1F461	6.0	woman’s sandal	Smileys & People	clothing
1F462	6.0	woman’s boot	Smileys & People	clothing
1F451	6.0	crown	Smileys & People	clothing
1F452	6.0	woman’s hat	Smileys & People	clothing
1F3A9	6.0	top hat	Smileys & People	clothing
1F393	6.0	graduation cap	Smileys & People	clothing
1F9E2	10.0	billed cap	Smileys & People	clothing
26D1	5.2	rescue worker’s helmet	Smileys & People	clothing
1F4FF	8.0	prayer beads	Smileys & People	clothing
1F484	6.0	lipstick	Smileys & People	clothing
1F48D	6.0	ring	Smileys & People	clothing
1F48E	6.0	gem stone	Smileys & People	clothing
1F435	6.0	monkey face	Animals & Nature	animal-mammal
1F412	6.0	monkey	Animals & Nature	animal-mammal
1F98D	9.0	gorilla	Animals & Nature	animal-mammal
1F436	6.0	dog face	Animals & Nature	animal-mammal
1F415	6.0	dog	Animals & Nature	animal-mammal
1F429	6.0	poodle	Animals & Nature	animal-mammal
1F43A	6.0	wolf face	Animals & Nature	animal-mammal
1F98A	9.0	fox face	Animals & Nature	animal-mammal
1F431	6.0	cat face	Animals & Nature	animal-mammal
1F408	6.0	cat	Animals & Nature	animal-mammal
1F981	8.0	lion face	Animals & Nature	animal-mammal
1F42F	6.0	tiger face	Animals & Nature	animal-mammal
1F405	6.0	tiger	Animals & Nature	animal-mammal
1F406	6.0	leopard	Animals & Nature	animal-mammal
1F434	6.0	horse face	Animals & Nature	animal-mammal
1F40E	6.0	horse	Animals & Nature	animal-mammal
1F984	8.0	unicorn face	Animals & Nature	animal-mammal
1F993	10.0	zebra	Animals & Nature	animal-mammal
1F98C	9.0	deer	Animals & Nature	animal-mammal
1F42E	6.0	cow face	Animals & Nature	animal-mammal
1F402	6.0	ox	Animals & Nature	animal-mammal
1F403	6.0	water buffalo	Animals & Nature	animal-mammal
1F404	6.0	cow	Animals & Nature	animal-mammal
1F437	6.0	pig face	Animals & Nature	animal-mammal
1F416	6.0	pig	Animals & Nature	animal-mammal
1F417	6.0	boar	Animals & Nature	animal-mammal
1F43D	6.0	pig nose	Animals & Nature	animal-mammal
1F40F	6.0	ram	Animals & Nature	animal-mammal
1F411	6.0	ewe	Animals & Nature	animal-mammal
1F410	6.0	goat	Animals & Nature	animal-mammal
1F42A	6.0	camel	Animals & Nature	animal-mammal
1F42B	6.0	two-hump camel	Animals & Nature	animal-mammal
1F992	10.0	giraffe	Animals & Nature	animal-mammal
1F418	6.0	elephant	Animals & Nature	animal-mammal
1F98F	9.0	rhinoceros	Animals & Nature	animal-mammal
1F42D	6.0	mouse face	Animals & Nature	animal-mammal
1F401	6.0	mouse	Animals & Nature	animal-mammal
1F400	6.0	rat	Animals & Nature	animal-mammal
1F439	6.0	hamster face	Animals & Nature	animal-mammal
1F430	6.0	rabbit face	Animals & Nature	animal-mammal
1F407	6.0	rabbit	Animals & Nature	animal-mammal
1F43F	7.0	chipmunk	Animals & Nature	animal-mammal
1F994	10.0	hedgehog	Animals & Nature	animal-mammal
1F987	9.0	bat	Animals & Nature	animal-mammal
1F43B	6.0	bear face	Animals & Nature	animal-mammal
1F428	6.0	koala	Animals & Nature	animal-mammal
1F43C	6.0	panda face	Animals & Nature	animal-mammal
1F43E	6.0	paw prints	Animals & Nature	animal-mammal
1F983	8.0	turkey	Animals & Nature	animal-bird
1F414	6.0	chicken	Animals & Nature	animal-bird
1F413	6.0	rooster	Animals & Nature	animal-bird
1F423	6.0	hatching chick	Animals & Nature	animal-bird
1F424	6.0	baby chick	Animals & Nature	animal-bird
1F425	6.0	front-facing baby chick	Animals & Nature	animal-bird
1F426	6.0	bird	Animals & Nature	animal-bird
1F427	6.0	penguin	Animals & Nature	animal-bird
1F54A	7.0	dove	Animals & Nature	animal-bird
1F985	9.0	eagle	Animals & Nature	animal-bird
1F986	9.0	duck	Animals & Nature	animal-bird
1F989	9.0	owl	Animals & Nature	animal-bird
1F438	6.0	frog face	Animals & Nature	animal-amphibian
1F40A	6.0	crocodile	Animals & Nature	animal-reptile
1F422	6.0	turtle	Animals & Nature	animal-reptile
1F98E	9.0	lizard	Animals & Nature	animal-reptile
1F40D	6.0	snake	Animals & Nature	animal-reptile
1F432	6.0	dragon face	Animals & Nature	animal-reptile
1F409	6.0	dragon	Animals & Nature	animal-reptile
1F995	10.0	sauropod	Animals & Nature	animal-reptile
1F996	10.0	T-Rex	Animals & Nature	animal-reptile
1F433	6.0	spouting whale	Animals & Nature	animal-marine
1F40B	6.0	whale	Animals & Nature	animal-marine
1F42C	6.0	dolphin	Animals & Nature	animal-marine
1F41F	6.0	fish	Animals & Nature	animal-marine
1F420	6.0	tropical fish	Animals & Nature	animal-marine
1F421	6.0	blowfish	Animals & Nature	animal-marine
1F988	9.0	shark	Animals & Nature	animal-marine
1F419	6.0	octopus	Animals & Nature	animal-marine
1F41A	6.0	spiral shell	Animals & Nature	animal-marine
1F980	8.0	crab	Animals & Nature	animal-marine
1F990	9.0	shrimp	Animals & Nature	animal-marine
1F991	9.0	squid	Animals & Nature	animal-marine
1F40C	6.0	snail	Animals & Nature	animal-bug
1F98B	9.0	butterfly	Animals & Nature	animal-bug
1F41B	6.0	bug	Animals & Nature	animal-bug
1F41C	6.0	ant	Animals & Nature	animal-bug
1F41D	6.0	honeybee	Animals & Nature	animal-bug
1F41E	6.0	lady beetle	Animals & Nature	animal-bug
1F997	10.0	cricket	Animals & Nature	animal-bug
1F577	7.0	spider	Animals & Nature	animal-bug
1F578	7.0	spider web	Animals & Nature	animal-bug
1F982	8.0	scorpion	Animals & Nature	animal-bug
1F490	6.0	bouquet	Animals & Nature	plant-flower
1F338	6.0	cherry blossom	Animals & Nature	plant-flower
1F4AE	6.0	white flower	Animals & Nature	plant-flower
1F3F5	7.0	rosette	Animals & Nature	plant-flower
1F339	6.0	rose	Animals & Nature	plant-flower
1F940	9.0	wilted flower	Animals & Nature	plant-flower
1F33A	6.0	hibiscus	Animals & Nature	plant-flower
1F33B	6.0	sunflower	Animals & Nature	plant-flower
1F33C	6.0	blossom	Animals & Nature	plant-flower
1F337	6.0	tulip	Animals & Nature	plant-flower
1F331	6.0	seedling	Animals & Nature	plant-other
1F332	6.0	evergreen tree	Animals & Nature	plant-other
1F333	6.0	deciduous tree	Animals & Nature	plant-other
1F334	6.0	palm tree	Animals & Nature	plant-other
1F335	6.0	cactus	Animals & Nature	plant-other
1F33E	6.0	sheaf of rice	Animals & Nature	plant-other
1F33F	6.0	herb	Animals & Nature	plant-other
2618	4.1	shamrock	Animals & Nature	plant-other
1F340	6.0	four leaf clover	Animals & Nature	plant-other
1F341	6.0	maple leaf	Animals & Nature	plant-other
1F342	6.0	fallen leaf	Animals & Nature	plant-other
1F343	6.0	leaf fluttering in wind	Animals & Nature	plant-other
1F347	6.0	grapes	Food & Drink	food-fruit
1F348	6.0	melon	Food & Drink	food-fruit
1F349	6.0	watermelon	Food & Drink	food-fruit
1F34A	6.0	tangerine	Food & Drink	food-fruit
1F34B	6.0	lemon	Food & Drink	food-fruit
1F34C	6.0	banana	Food & Drink	food-fruit
1F34D	6.0	pineapple	Food & Drink	food-fruit
1F34E	6.0	red apple	Food & Drink	food-fruit
1F34F	6.0	green apple	Food & Drink	food-fruit
1F350	6.0	pear	Food & Drink	food-fruit
1F351	6.0	peach	Food & Drink	food-fruit
1F352	6.0	cherries	Food & Drink	food-fruit
1F353	6.0	strawberry	Food & Drink	food-fruit
1F95D	9.0	kiwi fruit	Food & Drink	food-fruit
1F345	6.0	tomato	Food & Drink	food-fruit
1F965	10.0	coconut	Food & Drink	food-fruit
1F951	9.0	avocado	Food & Drink	food-vegetable
1F346	6.0	eggplant	Food & Drink	food-vegetable
1F954	9.0	potato	Food & Drink	food-vegetable
1F955	9.0	carrot	Food & Drink	food-vegetable
1F33D	6.0	ear of corn	Food & Drink	food-vegetable
1F336	7.0	hot pepper	Food & Drink	food-vegetable
1F952	9.0	cucumber	Food & Drink	food-vegetable
1F966	10.0	broccoli	Food & Drink	food-vegetable
1F344	6.0	mushroom	Food & Drink	food-vegetable
1F95C	9.0	peanuts	Food & Drink	food-vegetable
1F330	6.0	chestnut	Food & Drink	food-vegetable
1F35E	6.0	bread	Food & Drink	food-prepared
1F950	9.0	croissant	Food & Drink	food-prepared
1F956	9.0	baguette bread	Food & Drink	food-prepared
1F968	10.0	pretzel	Food & Drink	food-prepared
1F95E	9.0	pancakes	Food & Drink	food-prepared
1F9C0	8.0	cheese wedge	Food & Drink	food-prepared
1F356	6.0	meat on bone	Food & Drink	food-prepared
1F357	6.0	poultry leg	Food & Drink	food-prepared
1F969	10.0	cut of meat	Food & Drink	food-prepared
1F953	9.0	bacon	Food & Drink	food-prepared
1F354	6.0	hamburger	Food & Drink	food-prepared
1F35F	6.0	french fries	Food & Drink	food-prepared
1F355	6.0	pizza	Food & Drink	food-prepared
1F32D	8.0	hot dog	Food & Drink	food-prepared
1F96A	10.0	sandwich	Food & Drink	food-prepared
1F32E	8.0	taco	Food & Drink	food-prepared
1F32F	8.0	burrito	Food & Drink	food-prepared
1F959	9.0	stuffed flatbread	Food & Drink	food-prepared
1F95A	9.0	egg	Food & Drink	food-prepared
1F373	6.0	cooking	Food & Drink	food-prepared
1F958	9.0	shallow pan of food	Food & Drink	food-prepared
1F372	6.0	pot of food	Food & Drink	food-prepared
1F963	10.0	bowl with spoon	Food & Drink	food-prepared
1F957	9.0	green salad	Food & Drink	food-prepared
1F37F	8.0	popcorn	Food & Drink	food-prepared
1F96B	10.0	canned food	Food & Drink	food-prepared
1F371	6.0	bento box	Food & Drink	food-asian
1F358	6.0	rice cracker	Food & Drink	food-asian
1F359	6.0	rice ball	Food & Drink	food-asian
1F35A	6.0	cooked rice	Food & Drink	food-asian
1F35B	6.0	curry rice	Food & Drink	food-asian
1F35C	6.0	steaming bowl	Food & Drink	food-asian
1F35D	6.0	spaghetti	Food & Drink	food-asian
1F360	6.0	roasted sweet potato	Food & Drink	food-asian
1F362	6.0	oden	Food & Drink	food-asian
1F363	6.0	sushi	Food & Drink	food-asian
1F364	6.0	fried shrimp	Food & Drink	food-asian
1F365	6.0	fish cake with swirl	Food & Drink	food-asian
1F361	6.0	dango	Food & Drink	food-asian
1F95F	10.0	dumpling	Food & Drink	food-asian
1F960	10.0	fortune cookie	Food & Drink	food-asian
1F961	10.0	takeout box	Food & Drink	food-asian
1F366	6.0	soft ice cream	Food & Drink	food-sweet
1F367	6.0	shaved ice	Food & Drink	food-sweet
1F368	6.0	ice cream	Food & Drink	food-sweet
1F369	6.0	doughnut	Food & Drink	food-sweet
1F36A	6.0	cookie	Food & Drink	food-sweet
1F382	6.0	birthday cake	Food & Drink	food-sweet
1F370	6.0	shortcake	Food & Drink	food-sweet
1F967	10.0	pie	Food & Drink	food-sweet
1F36B	6.0	chocolate bar	Food & Drink	food-sweet
1F36C	6.0	candy	Food & Drink	food-sweet
1F36D	6.0	lollipop	Food & Drink	food-sweet
1F36E	6.0	custard	Food & Drink	food-sweet
1F36F	6.0	honey pot	Food & Drink	food-sweet
1F37C	6.0	baby bottle	Food & Drink	food-drink
1F95B	9.0	glass of milk	Food & Drink	food-drink
2615	4.0	hot beverage	Food & Drink	food-drink
1F375	6.0	teacup without handle	Food & Drink	food-drink
1F376	6.0	sake	Food & Drink	food-drink
1F37E	8.0	bottle with popping cork	Food & Drink	food-drink
1F377	6.0	wine glass	Food & Drink	food-drink
1F378	6.0	cocktail glass	Food & Drink	food-drink
1F379	6.0	tropical drink	Food & Drink	food-drink
1F37A	6.0	beer mug	Food & Drink	food-drink
1F37B	6.0	clinking beer mugs	Food & Drink	food-drink
1F942	9.0	clinking glasses	Food & Drink	food-drink
1F943	9.0	tumbler glass	Food & Drink	food-drink
1F964	10.0	cup with straw	Food & Drink	food-drink
1F962	10.0	chopsticks	Food & Drink	dishware
1F37D	7.0	fork and knife with plate	Food & Drink	dishware
1F374	6.0	fork and knife	Food & Drink	dishware
1F944	9.0	spoon	Food & Drink	dishware
1F52A	6.0	kitchen knife	Food & Drink	dishware
1F3FA	8.0	amphora	Food & Drink	dishware
1F30D	6.0	globe showing Europe-Africa	Travel & Places	place-map
1F30E	6.0	globe showing Americas	Travel & Places	place-map
1F30F	6.0	globe showing Asia-Australia	Travel & Places	place-map
1F310	6.0	globe with meridians	Travel & Places	place-map
1F5FA	7.0	world map	Travel & Places	place-map
1F5FE	6.0	map of Japan	Travel & Places	place-map
1F3D4	7.0	snow-capped mountain	Travel & Places	place-geographic
26F0	5.2	mountain	Travel & Places	place-geographic
1F30B	6.0	volcano	Travel & Places	place-geographic
1F5FB	6.0	mount fuji	Travel & Places	place-geographic
1F3D5	7.0	camping	Travel & Places	place-geographic
1F3D6	7.0	beach with umbrella	Travel & Places	place-geographic
1F3DC	7.0	desert	Travel & Places	place-geographic
1F3DD	7.0	desert island	Travel & Places	place-geographic
1F3DE	7.0	national park	Travel & Places	place-geographic
1F3DF	7.0	stadium	Travel & Places	place-building
1F3DB	7.0	classical building	Travel & Places	place-building
1F3D7	7.0	building construction	Travel & Places	place-building
1F3D8	7.0	house	Travel & Places	place-building
1F3D9	7.0	cityscape	Travel & Places	place-building
1F3DA	7.0	derelict house	Travel & Places	place-building
1F3E0	6.0	house	Travel & Places	place-building
1F3E1	6.0	house with garden	Travel & Places	place-building
1F3E2	6.0	office building	Travel & Places	place-building
1F3E3	6.0	Japanese post office	Travel & Places	place-building
1F3E4	6.0	post office	Travel & Places	place-building
1F3E5	6.0	hospital	Travel & Places	place-building
1F3E6	6.0	bank	Travel & Places	place-building
1F3E8	6.0	hotel	Travel & Places	place-building
1F3E9	6.0	love hotel	Travel & Places	place-building
1F3EA	6.0	convenience store	Travel & Places	place-building
1F3EB	6.0	school	Travel & Places	place-building
1F3EC	6.0	department store	Travel & Places	place-building
1F3ED	6.0	factory	Travel & Places	place-building
1F3EF	6.0	Japanese castle	Travel & Places	place-building
1F3F0	6.0	castle	Travel & Places	place-building
1F492	6.0	wedding	Travel & Places	place-building
1F5FC	6.0	Tokyo tower	Travel & Places	place-building
1F5FD	6.0	Statue of Liberty	Travel & Places	place-building
26EA	5.2	church	Travel & Places	place-religious
1F54C	8.0	mosque	Travel & Places	place-religious
1F54D	8.0	synagogue	Travel & Places	place-religious
26E9	5.2	shinto shrine	Travel & Places	place-religious
1F54B	8.0	kaaba	Travel & Places	place-religious
26F2	5.2	fountain	Travel & Places	place-other
26FA	5.2	tent	Travel & Places	place-other
1F301	6.0	foggy	Travel & Places	place-other
1F303	6.0	night with stars	Travel & Places	place-other
1F304	6.0	sunrise over mountains	Travel & Places	place-other
1F305	6.0	sunrise	Travel & Places	place-other
1F306	6.0	cityscape at dusk	Travel & Places	place-other
1F307	6.0	sunset	Travel & Places	place-other
1F309	6.0	bridge at night	Travel & Places	place-other
2668	1.1	hot springs	Travel & Places	place-other
1F30C	6.0	milky way	Travel & Places	place-other
1F3A0	6.0	carousel horse	Travel & Places	place-other
1F3A1	6.0	ferris wheel	Travel & Places	place-other
1F3A2	6.0	roller coaster	Travel & Places	place-other
1F488	6.0	barber pole	Travel & Places	place-other
1F3AA	6.0	circus tent	Travel & Places	place-other
1F3AD	6.0	performing arts	Travel & Places	place-other
1F5BC	7.0	framed picture	Travel & Places	place-other
1F3A8	6.0	artist palette	Travel & Places	place-other
1F3B0	6.0	slot machine	Travel & Places	place-other
1F682	6.0	locomotive	Travel & Places	transport-ground
1F683	6.0	railway car	Travel & Places	transport-ground
1F684	6.0	high-speed train	Travel & Places	transport-ground
1F685	6.0	high-speed train with bullet nose	Travel & Places	transport-ground
1F686	6.0	train	Travel & Places	transport-ground
1F687	6.0	metro	Travel & Places	transport-ground
1F688	6.0	light rail	Travel & Places	transport-ground
1F689	6.0	station	Travel & Places	transport-ground
1F68A	6.0	tram	Travel & Places	transport-ground
1F69D	6.0	monorail	Travel & Places	transport-ground
1F69E	6.0	mountain railway	Travel & Places	transport-ground
1F68B	6.0	tram car	Travel & Places	transport-ground
1F68C	6.0	bus	Travel & Places	transport-ground
1F68D	6.0	oncoming bus	Travel & Places	transport-ground
1F68E	6.0	trolleybus	Travel & Places	transport-ground
1F690	6.0	minibus	Travel & Places	transport-ground
1F691	6.0	ambulance	Travel & Places	transport-ground
1F692	6.0	fire engine	Travel & Places	transport-ground
1F693	6.0	police car	Travel & Places	transport-ground
1F694	6.0	oncoming police car	Travel & Places	transport-ground
1F695	6.0	taxi	Travel & Places	transport-ground
1F696	6.0	oncoming taxi	Travel & Places	transport-ground
1F697	6.0	automobile	Travel & Places	transport-ground
1F698	6.0	oncoming automobile	Travel & Places	transport-ground
1F699	6.0	sport utility vehicle	Travel & Places	transport-ground
1F69A	6.0	delivery truck	Travel & Places	transport-ground
1F69B	6.0	articulated lorry	Travel & Places	transport-ground
1F69C	6.0	tractor	Travel & Places	transport-ground
1F6B2	6.0	bicycle	Travel & Places	transport-ground
1F6F4	9.0	kick scooter	Travel & Places	transport-ground
1F6F5	9.0	motor scooter	Travel & Places	transport-ground
1F68F	6.0	bus stop	Travel & Places	transport-ground
1F6E3	7.0	motorway	Travel & Places	transport-ground
1F6E4	7.0	railway track	Travel & Places	transport-ground
26FD	5.2	fuel pump	Travel & Places	transport-ground
1F6A8	6.0	police car light	Travel & Places	transport-ground
1F6A5	6.0	horizontal traffic light	Travel & Places	transport-ground
1F6A6	6.0	vertical traffic light	Travel & Places	transport-ground
1F6A7	6.0	construction	Travel & Places	transport-ground
1F6D1	9.0	stop sign	Travel & Places	transport-ground
2693	4.1	anchor	Travel & Places	transport-water
26F5	5.2	sailboat	Travel & Places	transport-water
1F6F6	9.0	canoe	Travel & Places	transport-water
1F6A4	6.0	speedboat	Travel & Places	transport-water
1F6F3	7.0	passenger ship	Travel & Places	transport-water
26F4	5.2	ferry	Travel & Places	transport-water
1F6E5	7.0	motor boat	Travel & Places	transport-water
1F6A2	6.0	ship	Travel & Places	transport-water
2708	1.1	airplane	Travel & Places	transport-air
1F6E9	7.0	small airplane	Travel & Places	transport-air
1F6EB	7.0	airplane departure	Travel & Places	transport-air
1F6EC	7.0	airplane arrival	Travel & Places	transport-air
1F4BA	6.0	seat	Travel & Places	transport-air
1F681	6.0	helicopter	Travel & Places	transport-air
1F69F	6.0	suspension railway	Travel & Places	transport-air
1F6A0	6.0	mountain cableway	Travel & Places	transport-air
1F6A1	6.0	aerial tramway	Travel & Places	transport-air
1F6F0	7.0	satellite	Travel & Places	transport-air
1F680	6.0	rocket	Travel & Places	transport-air
1F6F8	10.0	flying saucer	Travel & Places	transport-air
1F6CE	7.0	bellhop bell	Travel & Places	hotel
1F6AA	6.0	door	Travel & Places	hotel
1F6CF	7.0	bed	Travel & Places	hotel
1F6CB	7.0	couch and lamp	Travel & Places	hotel
1F6BD	6.0	toilet	Travel & Places	hotel
1F6BF	6.0	shower	Travel & Places	hotel
1F6C1	6.0	bathtub	Travel & Places	hotel
231B	1.1	hourglass	Travel & Places	time
23F3	6.0	hourglass with flowing sand	Travel & Places	time
231A	1.1	watch	Travel & Places	time
23F0	6.0	alarm clock	Travel & Places	time
23F1	6.0	stopwatch	Travel & Places	time
23F2	6.0	timer clock	Travel & Places	time
1F570	7.0	mantelpiece clock	Travel & Places	time
1F55B	6.0	twelve o’clock	Travel & Places	time
1F567	6.0	twelve-thirty	Travel & Places	time
1F550	6.0	one o’clock	Travel & Places	time
1F55C	6.0	one-thirty	Travel & Places	time
1F551	6.0	two o’clock	Travel & Places	time
1F55D	6.0	two-thirty	Travel & Places	time
1F552	6.0	three o’clock	Travel & Places	time
1F55E	6.0	three-thirty	Travel & Places	time
1F553	6.0	four o’clock	Travel & Places	time
1F55F	6.0	four-thirty	Travel & Places	time
1F554	6.0	five o’clock	Travel & Places	time
1F560	6.0	five-thirty	Travel & Places	time
1F555	6.0	six o’clock	Travel & Places	time
1F561	6.0	six-thirty	Travel & Places	time
1F556	6.0	seven o’clock	Travel & Places	time
1F562	6.0	seven-thirty	Travel & Places	time
1F557	6.0	eight o’clock	Travel & Places	time
1F563	6.0	eight-thirty	Travel & Places	time
1F558	6.0	nine o’clock	Travel & Places	time
1F564	6.0	nine-thirty	Travel & Places	time
1F559	6.0	ten o’clock	Travel & Places	time
1F565	6.0	ten-thirty	Travel & Places	time
1F55A	6.0	eleven o’clock	Travel & Places	time
1F566	6.0	eleven-thirty	Travel & Places	time
1F311	6.0	new moon	Travel & Places	sky & weather
1F312	6.0	waxing crescent moon	Travel & Places	sky & weather
1F313	6.0	first quarter moon	Travel & Places	sky & weather
1F314	6.0	waxing gibbous moon	Travel & Places	sky & weather
1F315	6.0	full moon	Travel & Places	sky & weather
1F316	6.0	waning gibbous moon	Travel & Places	sky & weather
1F317	6.0	last quarter moon	Travel & Places	sky & weather
1F318	6.0	waning crescent moon	Travel & Places	sky & weather
1F319	6.0	crescent moon	Travel & Places	sky & weather
1F31A	6.0	new moon face	Travel & Places	sky & weather
1F31B	6.0	first quarter moon with face	Travel & Places	sky & weather
1F31C	6.0	last quarter moon with face	Travel & Places	sky & weather
1F321	7.0	thermometer	Travel & Places	sky & weather
2600	1.1	sun	Travel & Places	sky & weather
1F31D	6.0	full moon with face	Travel & Places	sky & weather
1F31E	6.0	sun with face	Travel & Places	sky & weather
2B50	5.1	white medium star	Travel & Places	sky & weather
1F31F	6.0	glowing star	Travel & Places	sky & weather
1F320	6.0	shooting star	Travel & Places	sky & weather
2601	1.1	cloud	Travel & Places	sky & weather
26C5	5.2	sun behind cloud	Travel & Places	sky & weather
26C8	5.2	cloud with lightning and rain	Travel & Places	sky & weather
1F324	7.0	sun behind small cloud	Travel & Places	sky & weather
1F325	7.0	sun behind large cloud	Travel & Places	sky & weather
1F326	7.0	sun behind rain cloud	Travel & Places	sky & weather
1F327	7.0	cloud with rain	Travel & Places	sky & weather
1F328	7.0	cloud with snow	Travel & Places	sky & weather
1F329	7.0	cloud with lightning	Travel & Places	sky & weather
1F32A	7.0	tornado	Travel & Places	sky & weather
1F32B	7.0	fog	Travel & Places	sky & weather
1F32C	7.0	wind face	Travel & Places	sky & weather
1F300	6.0	cyclone	Travel & Places	sky & weather
1F308	6.0	rainbow	Travel & Places	sky & weather
1F302	6.0	closed umbrella	Travel & Places	sky & weather
2602	1.1	umbrella	Travel & Places	sky & weather
2614	4.0	umbrella with rain drops	Travel & Places	sky & weather
26F1	5.2	umbrella on ground	Travel & Places	sky & weather
26A1	4.0	high voltage	Travel & Places	sky & weather
2744	1.1	snowflake	Travel & Places	sky & weather
2603	1.1	snowman	Travel & Places	sky & weather
26C4	5.2	snowman without snow	Travel & Places	sky & weather
2604	1.1	comet	Travel & Places	sky & weather
1F525	6.0	fire	Travel & Places	sky & weather
1F4A7	6.0	droplet	Travel & Places	sky & weather
1F30A	6.0	water wave	Travel & Places	sky & weather
1F383	6.0	jack-o-lantern	Activities	event
1F384	6.0	Christmas tree	Activities	event
1F386	6.0	fireworks	Activities	event
1F387	6.0	sparkler	Activities	event
2728	6.0	sparkles	Activities	event
1F388	6.0	balloon	Activities	event
1F389	6.0	party popper	Activities	event
1F38A	6.0	confetti ball	Activities	event
1F38B	6.0	tanabata tree	Activities	event
1F38D	6.0	pine decoration	Activities	event
1F38E	6.0	Japanese dolls	Activities	event
1F38F	6.0	carp streamer	Activities	event
1F390	6.0	wind chime	Activities	event
1F391	6.0	moon viewing ceremony	Activities	event
1F380	6.0	ribbon	Activities	event
1F381	6.0	wrapped gift	Activities	event
1F397	7.0	reminder ribbon	Activities	event
1F39F	7.0	admission tickets	Activities	event
1F3AB	6.0	ticket	Activities	event
1F396	7.0	military medal	Activities	award-medal
1F3C6	6.0	trophy	Activities	award-medal
1F3C5	7.0	sports medal	Activities	award-medal
1F947	9.0	1st place medal	Activities	award-medal
1F948	9.0	2nd place medal	Activities	award-medal
1F949	9.0	3rd place medal	Activities	award-medal
26BD	5.2	soccer ball	Activities	sport
26BE	5.2	baseball	Activities	sport
1F3C0	6.0	basketball	Activities	sport
1F3D0	8.0	volleyball	Activities	sport
1F3C8	6.0	american football	Activities	sport
1F3C9	6.0	rugby football	Activities	sport
1F3BE	6.0	tennis	Activities	sport
1F3B1	6.0	pool 8 ball	Activities	sport
1F3B3	6.0	bowling	Activities	sport
1F3CF	8.0	cricket	Activities	sport
1F3D1	8.0	field hockey	Activities	sport
1F3D2	8.0	ice hockey	Activities	sport
1F3D3	8.0	ping pong	Activities	sport
1F3F8	8.0	badminton	Activities	sport
1F94A	9.0	boxing glove	Activities	sport
1F94B	9.0	martial arts uniform	Activities	sport
1F945	9.0	goal net	Activities	sport
1F3AF	6.0	direct hit	Activities	sport
26F3	5.2	flag in hole	Activities	sport
26F8	5.2	ice skate	Activities	sport
1F3A3	6.0	fishing pole	Activities	sport
1F3BD	6.0	running shirt	Activities	sport
1F3BF	6.0	skis	Activities	sport
1F6F7	10.0	sled	Activities	sport
1F94C	10.0	curling stone	Activities	sport
1F3AE	6.0	video game	Activities	game
1F579	7.0	joystick	Activities	game
1F3B2	6.0	game die	Activities	game
2660	1.1	spade suit	Activities	game
2665	1.1	heart suit	Activities	game
2666	1.1	diamond suit	Activities	game
2663	1.1	club suit	Activities	game
1F0CF	6.0	joker	Activities	game
1F004	5.1	mahjong red dragon	Activities	game
1F3B4	6.0	flower playing cards	Activities	game
1F507	6.0	muted speaker	Objects	sound
1F508	6.0	speaker low volume	Objects	sound
1F509	6.0	speaker medium volume	Objects	sound
1F50A	6.0	speaker high volume	Objects	sound
1F4E2	6.0	loudspeaker	Objects	sound
1F4E3	6.0	megaphone	Objects	sound
1F4EF	6.0	postal horn	Objects	sound
1F514	6.0	bell	Objects	sound
1F515	6.0	bell with slash	Objects	sound
1F3BC	6.0	musical score	Objects	music
1F3B5	6.0	musical note	Objects	music
1F3B6	6.0	musical notes	Objects	music
1F399	7.0	studio microphone	Objects	music
1F39A	7.0	level slider	Objects	music
1F39B	7.0	control knobs	Objects	music
1F3A4	6.0	microphone	Objects	music
1F3A7	6.0	headphone	Objects	music
1F4FB	6.0	radio	Objects	music
1F3B7	6.0	saxophone	Objects	musical-instrument
1F3B8	6.0	guitar	Objects	musical-instrument
1F3B9	6.0	musical keyboard	Objects	musical-instrument
1F3BA	6.0	trumpet	Objects	musical-instrument
1F3BB	6.0	violin	Objects	musical-instrument
1F941	9.0	drum	Objects	musical-instrument
1F4F1	6.0	mobile phone	Objects	phone
1F4F2	6.0	mobile phone with arrow	Objects	phone
260E	1.1	telephone	Objects	phone
1F4DE	6.0	telephone receiver	Objects	phone
1F4DF	6.0	pager	Objects	phone
1F4E0	6.0	fax machine	Objects	phone
1F50B	6.0	battery	Objects	computer
1F50C	6.0	electric plug	Objects	computer
1F4BB	6.0	laptop computer	Objects	computer
1F5A5	7.0	desktop computer	Objects	computer
1F5A8	7.0	printer	Objects	computer
2328	1.1	keyboard	Objects	computer
1F5B1	7.0	computer mouse	Objects	computer
1F5B2	7.0	trackball	Objects	computer
1F4BD	6.0	computer disk	Objects	computer
1F4BE	6.0	floppy disk	Objects	computer
1F4BF	6.0	optical disk	Objects	computer
1F4C0	6.0	dvd	Objects	computer
1F3A5	6.0	movie camera	Objects	light & video
1F39E	7.0	film frames	Objects	light & video
1F4FD	7.0	film projector	Objects	light & video
1F3AC	6.0	clapper board	Objects	light & video
1F4FA	6.0	television	Objects	light & video
1F4F7	6.0	camera	Objects	light & video
1F4F8	7.0	camera with flash	Objects	light & video
1F4F9	6.0	video camera	Objects	light & video
1F4FC	6.0	videocassette	Objects	light & video
1F50D	6.0	left-pointing magnifying glass	Objects	light & video
1F50E	6.0	right-pointing magnifying glass	Objects	light & video
1F52C	6.0	microscope	Objects	light & video
1F52D	6.0	telescope	Objects	light & video
1F4E1	6.0	satellite antenna	Objects	light & video
1F56F	7.0	candle	Objects	light & video
1F4A1	6.0	light bulb	Objects	light & video
1F526	6.0	flashlight	Objects	light & video
1F3EE	6.0	red paper lantern	Objects	light & video
1F4D4	6.0	notebook with decorative cover	Objects	book-paper
1F4D5	6.0	closed book	Objects	book-paper
1F4D6	6.0	open book	Objects	book-paper
1F4D7	6.0	green book	Objects	book-paper
1F4D8	6.0	blue book	Objects	book-paper
1F4D9	6.0	orange book	Objects	book-paper
1F4DA	6.0	books	Objects	book-paper
1F4D3	6.0	notebook	Objects	book-paper
1F4D2	6.0	ledger	Objects	book-paper
1F4C3	6.0	page with curl	Objects	book-paper
1F4DC	6.0	scroll	Objects	book-paper
1F4C4	6.0	page facing up	Objects	book-paper
1F4F0	6.0	newspaper	Objects	book-paper
1F5DE	7.0	rolled-up newspaper	Objects	book-paper
1F4D1	6.0	bookmark tabs	Objects	book-paper
1F516	6.0	bookmark	Objects	book-paper
1F3F7	7.0	label	Objects	book-paper
1F4B0	6.0	money bag	Objects	money
1F4B4	6.0	yen banknote	Objects	money
1F4B5	6.0	dollar banknote	Objects	money
1F4B6	6.0	euro banknote	Objects	money
1F4B7	6.0	pound banknote	Objects	money
1F4B8	6.0	money with wings	Objects	money
1F4B3	6.0	credit card	Objects	money
1F4B9	6.0	chart increasing with yen	Objects	money
1F4B1	6.0	currency exchange	Objects	money
1F4B2	6.0	heavy dollar sign	Objects	money
2709	1.1	envelope	Objects	mail
1F4E7	6.0	e-mail	Objects	mail
1F4E8	6.0	incoming envelope	Objects	mail
1F4E9	6.0	envelope with arrow	Objects	mail
1F4E4	6.0	outbox tray	Objects	mail
1F4E5	6.0	inbox tray	Objects	mail
1F4E6	6.0	package	Objects	mail
1F4EB	6.0	closed mailbox with raised flag	Objects	mail
1F4EA	6.0	closed mailbox with lowered flag	Objects	mail
1F4EC	6.0	open mailbox with raised flag	Objects	mail
1F4ED	6.0	open mailbox with lowered flag	Objects	mail
1F4EE	6.0	postbox	Objects	mail
1F5F3	7.0	ballot box with ballot	Objects	mail
270F	1.1	pencil	Objects	writing
2712	1.1	black nib	Objects	writing
1F58B	7.0	fountain pen	Objects	writing
1F58A	7.0	pen	Objects	writing
1F58C	7.0	paintbrush	Objects	writing
1F58D	7.0	crayon	Objects	writing
1F4DD	6.0	memo	Objects	writing
1F4BC	6.0	briefcase	Objects	office
1F4C1	6.0	file folder	Objects	office
1F4C2	6.0	open file folder	Objects	office
1F5C2	7.0	card index dividers	Objects	office
1F4C5	6.0	calendar	Objects	office
1F4C6	6.0	tear-off calendar	Objects	office
1F5D2	7.0	spiral notepad	Objects	office
1F5D3	7.0	spiral calendar	Objects	office
1F4C7	6.0	card index	Objects	office
1F4C8	6.0	chart increasing	Objects	office
1F4C9	6.0	chart decreasing	Objects	office
1F4CA	6.0	bar chart	Objects	office
1F4CB	6.0	clipboard	Objects	office
1F4CC	6.0	pushpin	Objects	office
1F4CD	6.0	round pushpin	Objects	office
1F4CE	6.0	paperclip	Objects	office
1F587	7.0	linked paperclips	Objects	office
1F4CF	6.0	straight ruler	Objects	office
1F4D0	6.0	triangular ruler	Objects	office
2702	1.1	scissors	Objects	office
1F5C3	7.0	card file box	Objects	office
1F5C4	7.0	file cabinet	Objects	office
1F5D1	7.0	wastebasket	Objects	office
1F512	6.0	locked	Objects	lock
1F513	6.0	unlocked	Objects	lock
1F50F	6.0	locked with pen	Objects	lock
1F510	6.0	locked with key	Objects	lock
1F511	6.0	key	Objects	lock
1F5DD	7.0	old key	Objects	lock
1F528	6.0	hammer	Objects	tool
26CF	5.2	pick	Objects	tool
2692	4.1	hammer and pick	Objects	tool
1F6E0	7.0	hammer and wrench	Objects	tool
1F5E1	7.0	dagger	Objects	tool
2694	4.1	crossed swords	Objects	tool
1F52B	6.0	pistol	Objects	tool
1F3F9	8.0	bow and arrow	Objects	tool
1F6E1	7.0	shield	Objects	tool
1F527	6.0	wrench	Objects	tool
1F529	6.0	nut and bolt	Objects	tool
2699	4.1	gear	Objects	tool
1F5DC	7.0	clamp	Objects	tool
2697	4.1	alembic	Objects	tool
2696	4.1	balance scale	Objects	tool
1F517	6.0	link	Objects	tool
26D3	5.2	chains	Objects	tool
1F489	6.0	syringe	Objects	medical
1F48A	6.0	pill	Objects	medical
1F6AC	6.0	cigarette	Objects	other-object
26B0	4.1	coffin	Objects	other-object
26B1	4.1	funeral urn	Objects	other-object
1F5FF	6.0	moai	Objects	other-object
1F6E2	7.0	oil drum	Objects	other-object
1F52E	6.0	crystal ball	Objects	other-object
1F6D2	9.0	shopping cart	Objects	other-object
1F3E7	6.0	ATM sign	Symbols	transport-sign
1F6AE	6.0	litter in bin sign	Symbols	transport-sign
1F6B0	6.0	potable water	Symbols	transport-sign
267F	4.1	wheelchair symbol	Symbols	transport-sign
1F6B9	6.0	men’s room	Symbols	transport-sign
1F6BA	6.0	women’s room	Symbols	transport-sign
1F6BB	6.0	restroom	Symbols	transport-sign
1F6BC	6.0	baby symbol	Symbols	transport-sign
1F6BE	6.0	water closet	Symbols	transport-sign
1F6C2	6.0	passport control	Symbols	transport-sign
1F6C3	6.0	customs	Symbols	transport-sign
1F6C4	6.0	baggage claim	Symbols	transport-sign
1F6C5	6.0	left luggage	Symbols	transport-sign
26A0	4.0	warning	Symbols	warning
1F6B8	6.0	children crossing	Symbols	warning
26D4	5.2	no entry	Symbols	warning
1F6AB	6.0	prohibited	Symbols	warning
1F6B3	6.0	no bicycles	Symbols	warning
1F6AD	6.0	no smoking	Symbols	warning
1F6AF	6.0	no littering	Symbols	warning
1F6B1	6.0	non-potable water	Symbols	warning
1F6B7	6.0	no pedestrians	Symbols	warning
1F4F5	6.0	no mobile phones	Symbols	warning
1F51E	6.0	no one under eighteen	Symbols	warning
2622	1.1	radioactive	Symbols	warning
2623	1.1	biohazard	Symbols	warning
2B06	4.0	up arrow	Symbols	arrow
2197	1.1	up-right arrow	Symbols	arrow
27A1	1.1	right arrow	Symbols	arrow
2198	1.1	down-right arrow	Symbols	arrow
2B07	4.0	down arrow	Symbols	arrow
2199	1.1	down-left arrow	Symbols	arrow
2B05	4.0	left arrow	Symbols	arrow
2196	1.1	up-left arrow	Symbols	arrow
2195	1.1	up-down arrow	Symbols	arrow
2194	1.1	left-right arrow	Symbols	arrow
21A9	1.1	right arrow curving left	Symbols	arrow
21AA	1.1	left arrow curving right	Symbols	arrow
2934	3.2	right arrow curving up	Symbols	arrow
2935	3.2	right arrow curving down	Symbols	arrow
1F503	6.0	clockwise vertical arrows	Symbols	arrow
1F504	6.0	anticlockwise arrows button	Symbols	arrow
1F519	6.0	BACK arrow	Symbols	arrow
1F51A	6.0	END arrow	Symbols	arrow
1F51B	6.0	ON! arrow	Symbols	arrow
1F51C	6.0	SOON arrow	Symbols	arrow
1F51D	6.0	TOP arrow	Symbols	arrow
1F6D0	8.0	place of worship	Symbols	religion
269B	4.1	atom symbol	Symbols	religion
1F549	7.0	om	Symbols	religion
2721	1.1	star of David	Symbols	religion
2638	1.1	wheel of dharma	Symbols	religion
262F	1.1	yin yang	Symbols	religion
271D	1.1	latin cross	Symbols	religion
2626	1.1	orthodox cross	Symbols	religion
262A	1.1	star and crescent	Symbols	religion
262E	1.1	peace symbol	Symbols	religion
1F54E	8.0	menorah	Symbols	religion
1F52F	6.0	dotted six-pointed star	Symbols	religion
2648	1.1	Aries	Symbols	zodiac
2649	1.1	Taurus	Symbols	zodiac
264A	1.1	Gemini	Symbols	zodiac
264B	1.1	Cancer	Symbols	zodiac
264C	1.1	Leo	Symbols	zodiac
264D	1.1	Virgo	Symbols	zodiac
264E	1.1	Libra	Symbols	zodiac
264F	1.1	Scorpius	Symbols	zodiac
2650	1.1	Sagittarius	Symbols	zodiac
2651	1.1	Capricorn	Symbols	zodiac
2652	1.1	Aquarius	Symbols	zodiac
2653	1.1	Pisces	Symbols	zodiac
26CE	6.0	Ophiuchus	Symbols	zodiac
1F500	6.0	shuffle tracks button	Symbols	av-symbol
1F501	6.0	repeat button	Symbols	av-symbol
1F502	6.0	repeat single button	Symbols	av-symbol
25B6	1.1	play button	Symbols	av-symbol
23E9	6.0	fast-forward button	Symbols	av-symbol
23ED	6.0	next track button	Symbols	av-symbol
23EF	6.0	play or pause button	Symbols	av-symbol
25C0	1.1	reverse button	Symbols	av-symbol
23EA	6.0	fast reverse button	Symbols	av-symbol
23EE	6.0	last track button	Symbols	av-symbol
1F53C	6.0	up button	Symbols	av-symbol
23EB	6.0	fast up button	Symbols	av-symbol
1F53D	6.0	down button	Symbols	av-symbol
23EC	6.0	fast down button	Symbols	av-symbol
23F8	7.0	pause button	Symbols	av-symbol
23F9	7.0	stop button	Symbols	av-symbol
23FA	7.0	record button	Symbols	av-symbol
23CF	4.0	eject button	Symbols	av-symbol
1F3A6	6.0	cinema	Symbols	av-symbol
1F505	6.0	dim button	Symbols	av-symbol
1F506	6.0	bright button	Symbols	av-symbol
1F4F6	6.0	antenna bars	Symbols	av-symbol
1F4F3	6.0	vibration mode	Symbols	av-symbol
1F4F4	6.0	mobile phone off	Symbols	av-symbol
2640	1.1	female sign	Symbols	other-symbol
2642	1.1	male sign	Symbols	other-symbol
2695	4.1	medical symbol	Symbols	other-symbol
267B	3.2	recycling symbol	Symbols	other-symbol
269C	4.1	fleur-de-lis	Symbols	other-symbol
1F531	6.0	trident emblem	Symbols	other-symbol
1F4DB	6.0	name badge	Symbols	other-symbol
1F530	6.0	Japanese symbol for beginner	Symbols	other-symbol
2B55	5.2	heavy large circle	Symbols	other-symbol
2705	6.0	white heavy check mark	Symbols	other-symbol
2611	1.1	ballot box with check	Symbols	other-symbol
2714	1.1	heavy check mark	Symbols	other-symbol
2716	1.1	heavy multiplication x	Symbols	other-symbol
274C	6.0	cross mark	Symbols	other-symbol
274E	6.0	cross mark button	Symbols	other-symbol
2795	6.0	heavy plus sign	Symbols	other-symbol
2796	6.0	heavy minus sign	Symbols	other-symbol
2797	6.0	heavy division sign	Symbols	other-symbol
27B0	6.0	curly loop	Symbols	other-symbol
27BF	6.0	double curly loop	Symbols	other-symbol
303D	3.2	part alternation mark	Symbols	other-symbol
2733	1.1	eight-spoked asterisk	Symbols	other-symbol
2734	1.1	eight-pointed star	Symbols	other-symbol
2747	1.1	sparkle	Symbols	other-symbol
203C	1.1	double exclamation mark	Symbols	other-symbol
2049	3.0	exclamation question mark	Symbols	other-symbol
2753	6.0	question mark	Symbols	other-symbol
2754	6.0	white question mark	Symbols	other-symbol
2755	6.0	white exclamation mark	Symbols	other-symbol
2757	5.2	exclamation mark	Symbols	other-symbol
3030	1.1	wavy dash	Symbols	other-symbol
00A9	1.1	copyright	Symbols	other-symbol
00AE	1.1	registered	Symbols	other-symbol
2122	1.1	trade mark	Symbols	other-symbol
1F51F	6.0	keycap 10	Symbols	keycap
1F4AF	6.0	hundred points	Symbols	alphanum
1F520	6.0	input latin uppercase	Symbols	alphanum
1F521	6.0	input latin lowercase	Symbols	alphanum
1F522	6.0	input numbers	Symbols	alphanum
1F523	6.0	input symbols	Symbols	alphanum
1F524	6.0	input latin letters	Symbols	alphanum
1F170	6.0	A button (blood type)	Symbols	alphanum
1F18E	6.0	AB button (blood type)	Symbols	alphanum
1F171	6.0	B button (blood type)	Symbols	alphanum
1F191	6.0	CL button	Symbols	alphanum
1F192	6.0	COOL button	Symbols	alphanum
1F193	6.0	FREE button	Symbols	alphanum
2139	3.0	information	Symbols	alphanum
1F194	6.0	ID button	Symbols	alphanum
24C2	1.1	circled M	Symbols	alphanum
1F195	6.0	NEW button	Symbols	alphanum
1F196	6.0	NG button	Symbols	alphanum
1F17E	6.0	O button (blood type)	Symbols	alphanum
1F197	6.0	OK button	Symbols	alphanum
1F17F	5.2	P button	Symbols	alphanum
1F198	6.0	SOS button	Symbols	alphanum
1F199	6.0	UP! button	Symbols	alphanum
1F19A	6.0	VS button	Symbols	alphanum
1F201	6.0	Japanese “here” button	Symbols	alphanum
1F202	6.0	Japanese “service charge” button	Symbols	alphanum
1F237	6.0	Japanese “monthly amount” button	Symbols	alphanum
1F236	6.0	Japanese “not free of charge” button	Symbols	alphanum
1F22F	5.2	Japanese “reserved” button	Symbols	alphanum
1F250	6.0	Japanese “bargain” button	Symbols	alphanum
1F239	6.0	Japanese “discount” button	Symbols	alphanum
1F21A	5.2	Japanese “free of charge” button	Symbols	alphanum
1F232	6.0	Japanese “prohibited” button	Symbols	alphanum
1F251	6.0	Japanese “acceptable” button	Symbols	alphanum
1F238	6.0	Japanese “application” button	Symbols	alphanum
1F234	6.0	Japanese “passing grade” button	Symbols	alphanum
1F233	6.0	Japanese “vacancy” button	Symbols	alphanum
3297	1.1	Japanese “congratulations” button	Symbols	alphanum
3299	1.1	Japanese “secret” button	Symbols	alphanum
1F23A	6.0	Japanese “open for business” button	Symbols	alphanum
1F235	6.0	Japanese “no vacancy” button	Symbols	alphanum
25AA	1.1	black small square	Symbols	geometric
25AB	1.1	white small square	Symbols	geometric
25FB	3.2	white medium square	Symbols	geometric
25FC	3.2	black medium square	Symbols	geometric
25FD	3.2	white medium-small square	Symbols	geometric
25FE	3.2	black medium-small square	Symbols	geometric
2B1B	5.1	black large square	Symbols	geometric
2B1C	5.1	white large square	Symbols	geometric
1F536	6.0	large orange diamond	Symbols	geometric
1F537	6.0	large blue diamond	Symbols	geometric
1F538	6.0	small orange diamond	Symbols	geometric
1F539	6.0	small blue diamond	Symbols	geometric
1F53A	6.0	red triangle pointed up	Symbols	geometric
1F53B	6.0	red triangle pointed down	Symbols	geometric
1F4A0	6.0	diamond with a dot	Symbols	geometric
1F518	6.0	radio button	Symbols	geometric
1F532	6.0	black square button	Symbols	geometric
1F533	6.0	white square button	Symbols	geometric
26AA	4.1	white circle	Symbols	geometric
26AB	4.1	black circle	Symbols	geometric
1F534	6.0	red circle	Symbols	geometric
1F535	6.0	blue circle	Symbols	geometric
1F3C1	6.0	chequered flag	Flags	flag
1F6A9	6.0	triangular flag	Flags	flag
1F38C	6.0	crossed flags	Flags	flag
1F3F4	7.0	black flag	Flags	flag
1F3F3	7.0	white flag	Flags	flag
